{"cameraMode":{"drawMode":0,"name":"Shaded","section":"Shading Mode"},"sceneLighting":true,"audioPlay":false,"sceneViewState":{"m_AlwaysRefresh":false,"showFog":true,"showSkybox":true,"showFlares":true,"showImageEffects":true,"showParticleSystems":true,"showVisualEffectGraphs":true,"m_FxEnabled":true},"in2DMode":false,"pivot":{"x":0.7299399375915527,"y":-2.2989182472229006,"z":-1.4851036071777344},"rotation":{"x":0.3084929287433624,"y":-0.38252687454223635,"z":0.13720981776714326,"w":0.8600466251373291},"size":5.237452030181885,"orthographic":false}