{"cameraMode":{"drawMode":0,"name":"Shaded","section":"Shading Mode"},"sceneLighting":true,"audioPlay":false,"sceneViewState":{"m_AlwaysRefresh":false,"showFog":true,"showSkybox":true,"showFlares":true,"showImageEffects":true,"showParticleSystems":true,"showVisualEffectGraphs":true,"m_FxEnabled":true},"in2DMode":false,"pivot":{"x":0.9758358001708984,"y":-1.9098138809204102,"z":0.40559911727905276},"rotation":{"x":0.2714531719684601,"y":-0.6974858641624451,"z":0.3287025988101959,"w":0.5760084986686707},"size":12.464119911193848,"orthographic":true}